product_itemid,product_shopid,product_links,shop_review_links,image_links,shop_profile_links
6356385195,312874722,https://shopee.ph/KoreanlooseTshirtisthenewtrendofsummerwomenSweetheartsoutfit-i.312874722.6356385195,https://shopee.ph/api/v2/item/get_ratings?filter=0&flag=1&itemid=6356385195&limit=50&offset=0&shopid=312874722&type=0,https://cf.shopee.ph/file/708198f21ff27ab705d1e7938b8d2d9b,https://shopee.ph/api/v4/product/get_shop_info?shopid=312874722
4268483575,331814357,https://shopee.ph/fashioncityKoreancasualNewtopWomenClothesTshirtSummershortsleevecartoonlongblouse-i.331814357.4268483575,https://shopee.ph/api/v2/item/get_ratings?filter=0&flag=1&itemid=4268483575&limit=50&offset=0&shopid=331814357&type=0,https://cf.shopee.ph/file/24fb3b54b99f89c1828bdfc9704e093c,https://shopee.ph/api/v4/product/get_shop_info?shopid=331814357
11631821167,36934404,https://shopee.ph/MelodyKoreanLayerLettuceTop11242-i.36934404.11631821167,https://shopee.ph/api/v2/item/get_ratings?filter=0&flag=1&itemid=11631821167&limit=50&offset=0&shopid=36934404&type=0,https://cf.shopee.ph/file/b1b01bbc3e7929aa7e9ae6c05ca559e1,https://shopee.ph/api/v4/product/get_shop_info?shopid=36934404
11127819418,74891644,https://shopee.ph/ColorfulinkgirlfriendfashionKoreanroundnecktshirtteestop-i.74891644.11127819418,https://shopee.ph/api/v2/item/get_ratings?filter=0&flag=1&itemid=11127819418&limit=50&offset=0&shopid=74891644&type=0,https://cf.shopee.ph/file/e157e9e3ca47f2f92de0db76d0d0061b,https://shopee.ph/api/v4/product/get_shop_info?shopid=74891644
4289697795,360379308,https://shopee.ph/ChiffonKoreanStyleSquareCollarSlimSweetFloralShortSleeveTop-i.360379308.4289697795,https://shopee.ph/api/v2/item/get_ratings?filter=0&flag=1&itemid=4289697795&limit=50&offset=0&shopid=360379308&type=0,https://cf.shopee.ph/file/9c1db96dfb11c34c2f47d1a6169d2acb,https://shopee.ph/api/v4/product/get_shop_info?shopid=360379308
11306791340,360379308,https://shopee.ph/PuffSleeveChiffonSquareCollarSlimfitShortSleeveTopCuteTops-i.360379308.11306791340,https://shopee.ph/api/v2/item/get_ratings?filter=0&flag=1&itemid=11306791340&limit=50&offset=0&shopid=360379308&type=0,https://cf.shopee.ph/file/388b69a714cbdfefc0e10dcd5f640b8a,https://shopee.ph/api/v4/product/get_shop_info?shopid=360379308
4293195306,430999411,https://shopee.ph/SummerKoreanwomensplaincottonTshirtwithsquareneckandshortsleeves-i.430999411.4293195306,https://shopee.ph/api/v2/item/get_ratings?filter=0&flag=1&itemid=4293195306&limit=50&offset=0&shopid=430999411&type=0,https://cf.shopee.ph/file/5f283a19f9755fb50edb80ff597ec208,https://shopee.ph/api/v4/product/get_shop_info?shopid=430999411
7956324829,36247807,https://shopee.ph/KoreancasualNewtopWomenClothesTshirtSummershortsleevecartoonlongblouseBVQ-i.36247807.7956324829,https://shopee.ph/api/v2/item/get_ratings?filter=0&flag=1&itemid=7956324829&limit=50&offset=0&shopid=36247807&type=0,https://cf.shopee.ph/file/6260b1c0316ae19e3e2f717d98c5254d,https://shopee.ph/api/v4/product/get_shop_info?shopid=36247807
2946704490,36247807,https://shopee.ph/KoreanCasualForWomenGirlShirtBasicTopKoreaStyletops-i.36247807.2946704490,https://shopee.ph/api/v2/item/get_ratings?filter=0&flag=1&itemid=2946704490&limit=50&offset=0&shopid=36247807&type=0,https://cf.shopee.ph/file/918417feb273d93041bcd6449e507186,https://shopee.ph/api/v4/product/get_shop_info?shopid=36247807
8044724338,310915998,https://shopee.ph/Yihua2021summerKoreanversionofthenewsquarecollarlacewoodearsfloralchiffonshortshirttopwomen-i.310915998.8044724338,https://shopee.ph/api/v2/item/get_ratings?filter=0&flag=1&itemid=8044724338&limit=50&offset=0&shopid=310915998&type=0,https://cf.shopee.ph/file/cc7c057653a85a7ca0402c3c28515cdd,https://shopee.ph/api/v4/product/get_shop_info?shopid=310915998
11133665565,498848180,https://shopee.ph/FrenchFloralSquareCollarPuffSleeveLongsleevedShirtFemaleSpringShortChiffonTop-i.498848180.11133665565,https://shopee.ph/api/v2/item/get_ratings?filter=0&flag=1&itemid=11133665565&limit=50&offset=0&shopid=498848180&type=0,https://cf.shopee.ph/file/3ae644260d012a0bda35452d03aa9698,https://shopee.ph/api/v4/product/get_shop_info?shopid=498848180
8647149697,325618926,https://shopee.ph/CottonChubbySquareCollarBlouseFairyKoreanStyleLaceupPleatedTopsPuffSleeveRibbonShirt-i.325618926.8647149697,https://shopee.ph/api/v2/item/get_ratings?filter=0&flag=1&itemid=8647149697&limit=50&offset=0&shopid=325618926&type=0,https://cf.shopee.ph/file/5afb9a6616493dfbf90764e7bdeb3cf1,https://shopee.ph/api/v4/product/get_shop_info?shopid=325618926
8335215859,273094218,https://shopee.ph/WomenSummerMidLengthPurpleTshirtFashionTopPatternPrintedTeeLooseShortSleeveOversizeRoundNeckTshirt-i.273094218.8335215859,https://shopee.ph/api/v2/item/get_ratings?filter=0&flag=1&itemid=8335215859&limit=50&offset=0&shopid=273094218&type=0,https://cf.shopee.ph/file/1a05bd5d5223b1c045bf60f6e75b964b,https://shopee.ph/api/v4/product/get_shop_info?shopid=273094218
8812869286,46399675,https://shopee.ph/MIKASAKoreanSquareneckKnittedTop-i.46399675.8812869286,https://shopee.ph/api/v2/item/get_ratings?filter=0&flag=1&itemid=8812869286&limit=50&offset=0&shopid=46399675&type=0,https://cf.shopee.ph/file/e263282e1a63a24d78d5e805fea65df0,https://shopee.ph/api/v4/product/get_shop_info?shopid=46399675
3264364106,49777359,https://shopee.ph/2020SummerNewKoreanUnisexFashionWildHiphopGradientShortSleeveTshirt-i.49777359.3264364106,https://shopee.ph/api/v2/item/get_ratings?filter=0&flag=1&itemid=3264364106&limit=50&offset=0&shopid=49777359&type=0,https://cf.shopee.ph/file/f14620dfd1384826462c200ae88d9cec,https://shopee.ph/api/v4/product/get_shop_info?shopid=49777359
8276094865,419236946,https://shopee.ph/WomenOfficeLadyWearBasicPlusSizeLooseSatinSilkShortSleeveBlouseTop-i.419236946.8276094865,https://shopee.ph/api/v2/item/get_ratings?filter=0&flag=1&itemid=8276094865&limit=50&offset=0&shopid=419236946&type=0,https://cf.shopee.ph/file/fabf84f7202a73a120b594a9ea16b088,https://shopee.ph/api/v4/product/get_shop_info?shopid=419236946
10134209382,484975541,https://shopee.ph/JapaneseTieShortSleeveTWomensLooseKoreanStyleTshirtinsTrendyHarajukuStyleStudentHongKongStyleHalfSleeveTop-i.484975541.10134209382,https://shopee.ph/api/v2/item/get_ratings?filter=0&flag=1&itemid=10134209382&limit=50&offset=0&shopid=484975541&type=0,https://cf.shopee.ph/file/d2b805291099264a8553e45808531b1b,https://shopee.ph/api/v4/product/get_shop_info?shopid=484975541
4692049358,467989456,https://shopee.ph/TripleAWomenShortsleevedTshirtLetterprintloosestudentcoupleoutfit2021summerKoreanversionplussizetop-i.467989456.4692049358,https://shopee.ph/api/v2/item/get_ratings?filter=0&flag=1&itemid=4692049358&limit=50&offset=0&shopid=467989456&type=0,https://cf.shopee.ph/file/0f5f555231a21688e7879b8377582d74,https://shopee.ph/api/v4/product/get_shop_info?shopid=467989456
4056386412,312874722,https://shopee.ph/boutiqueOversizedFashionTShirtforWomenCasualTopsMinidress-i.312874722.4056386412,https://shopee.ph/api/v2/item/get_ratings?filter=0&flag=1&itemid=4056386412&limit=50&offset=0&shopid=312874722&type=0,https://cf.shopee.ph/file/24fb3b54b99f89c1828bdfc9704e093c,https://shopee.ph/api/v4/product/get_shop_info?shopid=312874722
7594221448,151149464,https://shopee.ph/S3XLLongsunscreenwomenssummernewstylelargesizeloosecardiganwithchiffonshirt-i.151149464.7594221448,https://shopee.ph/api/v2/item/get_ratings?filter=0&flag=1&itemid=7594221448&limit=50&offset=0&shopid=151149464&type=0,https://cf.shopee.ph/file/f849288e5e9c4345707b4fed70bd875b,https://shopee.ph/api/v4/product/get_shop_info?shopid=151149464
3979449724,312874722,https://shopee.ph/LOVEboutiqueOversizedFashionTShirtforWomenCasualTopsMinidress-i.312874722.3979449724,https://shopee.ph/api/v2/item/get_ratings?filter=0&flag=1&itemid=3979449724&limit=50&offset=0&shopid=312874722&type=0,https://cf.shopee.ph/file/978db2e53e2578f42c0e80c3a8a27724,https://shopee.ph/api/v4/product/get_shop_info?shopid=312874722
11723486782,494426915,https://shopee.ph/IceSilkShortsleevedTshirtBrightSilkStitchingTemperamentVneckBlouseWomen-i.494426915.11723486782,https://shopee.ph/api/v2/item/get_ratings?filter=0&flag=1&itemid=11723486782&limit=50&offset=0&shopid=494426915&type=0,https://cf.shopee.ph/file/6f3736358f58c02010e71ec05f6e124b,https://shopee.ph/api/v4/product/get_shop_info?shopid=494426915
8673960053,419236946,https://shopee.ph/WomenSummerRetroStyleElegantLadyLooseSatinSilkBasicDeepVneckTopBlouseSoftTouch-i.419236946.8673960053,https://shopee.ph/api/v2/item/get_ratings?filter=0&flag=1&itemid=8673960053&limit=50&offset=0&shopid=419236946&type=0,https://cf.shopee.ph/file/a247a46b029ad55c1cef93ad2b586213,https://shopee.ph/api/v4/product/get_shop_info?shopid=419236946
7893204092,453049862,https://shopee.ph/2021summernewwomensfashionoffshoulderonenecklaceupshortchiffonshirtversatileforeignstyletop-i.453049862.7893204092,https://shopee.ph/api/v2/item/get_ratings?filter=0&flag=1&itemid=7893204092&limit=50&offset=0&shopid=453049862&type=0,https://cf.shopee.ph/file/fbb37fc918db27848f4b0fa62ea16c5c,https://shopee.ph/api/v4/product/get_shop_info?shopid=453049862
3989776179,360379308,https://shopee.ph/ChiffonSweetSquareCollarShirtPleatedSlimShortSleeveTop-i.360379308.3989776179,https://shopee.ph/api/v2/item/get_ratings?filter=0&flag=1&itemid=3989776179&limit=50&offset=0&shopid=360379308&type=0,https://cf.shopee.ph/file/e032d726b841f00c588ebe51f23edf09,https://shopee.ph/api/v4/product/get_shop_info?shopid=360379308
9768854474,273094218,https://shopee.ph/KoreanStyleSlimKnittedTopShortSleeveTshirtForSummer-i.273094218.9768854474,https://shopee.ph/api/v2/item/get_ratings?filter=0&flag=1&itemid=9768854474&limit=50&offset=0&shopid=273094218&type=0,https://cf.shopee.ph/file/173114284af3080ef2b45f648c4f94c6,https://shopee.ph/api/v4/product/get_shop_info?shopid=273094218
11809388760,360379308,https://shopee.ph/ChiffonSquareneckShortSleeveShirtPleatedSlimRuffleTopCuteTops-i.360379308.11809388760,https://shopee.ph/api/v2/item/get_ratings?filter=0&flag=1&itemid=11809388760&limit=50&offset=0&shopid=360379308&type=0,https://cf.shopee.ph/file/ef76d09be38be9aea74e9877e3603af7,https://shopee.ph/api/v4/product/get_shop_info?shopid=360379308
8986367640,494426915,https://shopee.ph/KoreanStyleFashionShortsleevedChiffonShirtLaceDollCollarLooseBlouseWomen-i.494426915.8986367640,https://shopee.ph/api/v2/item/get_ratings?filter=0&flag=1&itemid=8986367640&limit=50&offset=0&shopid=494426915&type=0,https://cf.shopee.ph/file/ca4fe4d060980a1349cbe739a9aa97c1,https://shopee.ph/api/v4/product/get_shop_info?shopid=494426915
9960386794,325618926,https://shopee.ph/RetroPleatedSlimFitBlousePuffSleeveFlouncesShirtSquareCollaroffShoulderFloralTops-i.325618926.9960386794,https://shopee.ph/api/v2/item/get_ratings?filter=0&flag=1&itemid=9960386794&limit=50&offset=0&shopid=325618926&type=0,https://cf.shopee.ph/file/058766a58e2f3adb278c2d0c687cad31,https://shopee.ph/api/v4/product/get_shop_info?shopid=325618926
9690696309,420881087,https://shopee.ph/PlusSizeBlouseWomenSummerKoreanStyleShortsleevedTshirtLooseEmbroideredBlouseTops-i.420881087.9690696309,https://shopee.ph/api/v2/item/get_ratings?filter=0&flag=1&itemid=9690696309&limit=50&offset=0&shopid=420881087&type=0,https://cf.shopee.ph/file/ae6f4e4154a1b90952d25e1120daa22a,https://shopee.ph/api/v4/product/get_shop_info?shopid=420881087
9404992288,38991063,https://shopee.ph/ASElegantWomensKoreanButtonBackBowTieCollarSexySweetShortSleeveTopsBlouse1515-i.38991063.9404992288,https://shopee.ph/api/v2/item/get_ratings?filter=0&flag=1&itemid=9404992288&limit=50&offset=0&shopid=38991063&type=0,https://cf.shopee.ph/file/d2f12d4f46eae987b7b06edafc2365c8,https://shopee.ph/api/v4/product/get_shop_info?shopid=38991063
9269685419,461989632,https://shopee.ph/OversizedTieDyetshirtforWomenTopTshirtforMenKoreanTopUnicornTopBlouse-i.461989632.9269685419,https://shopee.ph/api/v2/item/get_ratings?filter=0&flag=1&itemid=9269685419&limit=50&offset=0&shopid=461989632&type=0,https://cf.shopee.ph/file/6278b13880d3bad74f5e78fb7b2e6e12,https://shopee.ph/api/v4/product/get_shop_info?shopid=461989632
11720575577,69827898,https://shopee.ph/WomensFashionBlousesSilkSatinShirtWomenMultiColorsShortSleeveBlouseSummerStyleClassicONeckPlainTopsLadies-i.69827898.11720575577,https://shopee.ph/api/v2/item/get_ratings?filter=0&flag=1&itemid=11720575577&limit=50&offset=0&shopid=69827898&type=0,https://cf.shopee.ph/file/e2579882e7cafb6d5a3ae8b3251b386d,https://shopee.ph/api/v4/product/get_shop_info?shopid=69827898
7743987734,226484771,https://shopee.ph/BlueRaeFashionBlouseLooseTypeforWomens819-i.226484771.7743987734,https://shopee.ph/api/v2/item/get_ratings?filter=0&flag=1&itemid=7743987734&limit=50&offset=0&shopid=226484771&type=0,https://cf.shopee.ph/file/c420d28ef2225c224911260643f07d73,https://shopee.ph/api/v4/product/get_shop_info?shopid=226484771
11108001161,325618926,https://shopee.ph/ChiffonSquareCollarBlouseSingleBreastedPleatedShirtShortPuffSleeveChubbyTop-i.325618926.11108001161,https://shopee.ph/api/v2/item/get_ratings?filter=0&flag=1&itemid=11108001161&limit=50&offset=0&shopid=325618926&type=0,https://cf.shopee.ph/file/990e7e544c2a2025cd89658b37f45a0f,https://shopee.ph/api/v4/product/get_shop_info?shopid=325618926
10434199627,420881087,https://shopee.ph/ChiffonShortsleevedPlusSizeBlouseWomenSummerKoreanFloralPrintedBlouseTops-i.420881087.10434199627,https://shopee.ph/api/v2/item/get_ratings?filter=0&flag=1&itemid=10434199627&limit=50&offset=0&shopid=420881087&type=0,https://cf.shopee.ph/file/b4d52624611c9f7fb9cf7f8a6bed9f39,https://shopee.ph/api/v4/product/get_shop_info?shopid=420881087
6957685706,41311013,https://shopee.ph/NOBADVIBESStatementShirtCropTopTees-i.41311013.6957685706,https://shopee.ph/api/v2/item/get_ratings?filter=0&flag=1&itemid=6957685706&limit=50&offset=0&shopid=41311013&type=0,https://cf.shopee.ph/file/5577e18279484ef249d8d44be51f8da6,https://shopee.ph/api/v4/product/get_shop_info?shopid=41311013
10915485785,453049862,https://shopee.ph/2021summernewsolidslimtopwomensoneshoulderopenbacksidedrawstringvest-i.453049862.10915485785,https://shopee.ph/api/v2/item/get_ratings?filter=0&flag=1&itemid=10915485785&limit=50&offset=0&shopid=453049862&type=0,https://cf.shopee.ph/file/cd57213f0f627dbe839e8f425bc99df2,https://shopee.ph/api/v4/product/get_shop_info?shopid=453049862
6497386249,390661481,https://shopee.ph/ShortsleevedWomensDesignSenseNicheTiedyeTshirtWomensAllmatchWesternstyleTop-i.390661481.6497386249,https://shopee.ph/api/v2/item/get_ratings?filter=0&flag=1&itemid=6497386249&limit=50&offset=0&shopid=390661481&type=0,https://cf.shopee.ph/file/34df27ecbc9c26232bb05c032e318c14,https://shopee.ph/api/v4/product/get_shop_info?shopid=390661481
4342336816,226484771,https://shopee.ph/BlueRaeFashionSoftCottonBlouseRandomAssortedColor-i.226484771.4342336816,https://shopee.ph/api/v2/item/get_ratings?filter=0&flag=1&itemid=4342336816&limit=50&offset=0&shopid=226484771&type=0,https://cf.shopee.ph/file/0f106d23befa2b4a0a7a7eabb720cb20,https://shopee.ph/api/v4/product/get_shop_info?shopid=226484771
11934166807,420881087,https://shopee.ph/PlusSizeBlouseSummerWomensKoreanStripedRoundNeckShortsleevedTshirtLooseAllmatchBlouseTops-i.420881087.11934166807,https://shopee.ph/api/v2/item/get_ratings?filter=0&flag=1&itemid=11934166807&limit=50&offset=0&shopid=420881087&type=0,https://cf.shopee.ph/file/a56b3bbe6397651da8b69b9b316e15a5,https://shopee.ph/api/v4/product/get_shop_info?shopid=420881087
11027840036,484975541,https://shopee.ph/ShortSleeveTWomensAmericanTshirthiphopSummerLooseKoreanFashioninsHarajukuStylechicHongKongStyleKoreanStyleHalfSleeveTop-i.484975541.11027840036,https://shopee.ph/api/v2/item/get_ratings?filter=0&flag=1&itemid=11027840036&limit=50&offset=0&shopid=484975541&type=0,https://cf.shopee.ph/file/8430f4040e3179b6a05014c8bb9a64a0,https://shopee.ph/api/v4/product/get_shop_info?shopid=484975541
10321290152,494426915,https://shopee.ph/ChiffonStraplessSlingKoreanStyleOneshoulderShortsleevedLooseTopWomenBlouse-i.494426915.10321290152,https://shopee.ph/api/v2/item/get_ratings?filter=0&flag=1&itemid=10321290152&limit=50&offset=0&shopid=494426915&type=0,https://cf.shopee.ph/file/558eefd458a759b150ad6a76ae80baa8,https://shopee.ph/api/v4/product/get_shop_info?shopid=494426915
11927592273,494426915,https://shopee.ph/womenblouseknittedthreequartersleevesvneckloosetop-i.494426915.11927592273,https://shopee.ph/api/v2/item/get_ratings?filter=0&flag=1&itemid=11927592273&limit=50&offset=0&shopid=494426915&type=0,https://cf.shopee.ph/file/563c3ad236ce38a24e11d34e657e9989,https://shopee.ph/api/v4/product/get_shop_info?shopid=494426915
3960940111,331814357,https://shopee.ph/elegantkoreanPlusSizeBasicShirtOversizedFashionWomenApparel-i.331814357.3960940111,https://shopee.ph/api/v2/item/get_ratings?filter=0&flag=1&itemid=3960940111&limit=50&offset=0&shopid=331814357&type=0,https://cf.shopee.ph/file/134ac5da5b38f6611bc5997b5114cd84,https://shopee.ph/api/v4/product/get_shop_info?shopid=331814357
8785589763,494426915,https://shopee.ph/SimplePolkaDotRoundNeckPleatedLooseShortsleevedShirtTopWomenBlouse-i.494426915.8785589763,https://shopee.ph/api/v2/item/get_ratings?filter=0&flag=1&itemid=8785589763&limit=50&offset=0&shopid=494426915&type=0,https://cf.shopee.ph/file/de3959fe89f13c08b7be81da01b389d9,https://shopee.ph/api/v4/product/get_shop_info?shopid=494426915
6643743984,261982866,https://shopee.ph/Moussy86707womenblouseRNeck-i.261982866.6643743984,https://shopee.ph/api/v2/item/get_ratings?filter=0&flag=1&itemid=6643743984&limit=50&offset=0&shopid=261982866&type=0,https://cf.shopee.ph/file/d09d79a47920fa256622d265ac847eaf,https://shopee.ph/api/v4/product/get_shop_info?shopid=261982866
2671500176,35346563,https://shopee.ph/bohoshortsleeveshalterknittedblouse-i.35346563.2671500176,https://shopee.ph/api/v2/item/get_ratings?filter=0&flag=1&itemid=2671500176&limit=50&offset=0&shopid=35346563&type=0,https://cf.shopee.ph/file/cab6ccdaeed096cece948401f9dd3878,https://shopee.ph/api/v4/product/get_shop_info?shopid=35346563
7277794266,27574322,https://shopee.ph/bohoPlusSizeBasicShirtOversizedFashionWomenApparelBlouseTops-i.27574322.7277794266,https://shopee.ph/api/v2/item/get_ratings?filter=0&flag=1&itemid=7277794266&limit=50&offset=0&shopid=27574322&type=0,https://cf.shopee.ph/file/bacb1ad40a59a0ab572c78622603c189,https://shopee.ph/api/v4/product/get_shop_info?shopid=27574322
8688153492,390661481,https://shopee.ph/CODNewIceSilkSweaterTshirtVneckKoreanLooseLargeSizeWomensBlouse-i.390661481.8688153492,https://shopee.ph/api/v2/item/get_ratings?filter=0&flag=1&itemid=8688153492&limit=50&offset=0&shopid=390661481&type=0,https://cf.shopee.ph/file/d4aeac193d0af8984cce62768774571f,https://shopee.ph/api/v4/product/get_shop_info?shopid=390661481
9885535307,408422598,https://shopee.ph/BlousePlusSizeSummerSilkLooseBaitaShortsleevedTshirtPrintingTrendKoreanBlouseTops-i.408422598.9885535307,https://shopee.ph/api/v2/item/get_ratings?filter=0&flag=1&itemid=9885535307&limit=50&offset=0&shopid=408422598&type=0,https://cf.shopee.ph/file/5e94c34fcf7f922cbad28623734a1ae7,https://shopee.ph/api/v4/product/get_shop_info?shopid=408422598
11807333543,442364402,https://shopee.ph/PIGGYKoreanChicSweetSuperFairyRetroThinSquareCollarPuffedSleeveTopAgeReducingLongSleeveShirtGirl-i.442364402.11807333543,https://shopee.ph/api/v2/item/get_ratings?filter=0&flag=1&itemid=11807333543&limit=50&offset=0&shopid=442364402&type=0,https://cf.shopee.ph/file/96c377ad38838d7d83c1313b75149bc4,https://shopee.ph/api/v4/product/get_shop_info?shopid=442364402
6940783740,64360491,https://shopee.ph/koreanfashionknittedblouseknittedtopshortsleeve-i.64360491.6940783740,https://shopee.ph/api/v2/item/get_ratings?filter=0&flag=1&itemid=6940783740&limit=50&offset=0&shopid=64360491&type=0,https://cf.shopee.ph/file/21be44af489c98915d84a71bbfd76a8d,https://shopee.ph/api/v4/product/get_shop_info?shopid=64360491
11030420265,446577487,https://shopee.ph/WaistBlouseKoreanStyleSquareCollarShirtShirtShortsleevedWomensClothing-i.446577487.11030420265,https://shopee.ph/api/v2/item/get_ratings?filter=0&flag=1&itemid=11030420265&limit=50&offset=0&shopid=446577487&type=0,https://cf.shopee.ph/file/b0e28e7e31f13ac49c317b9b9d788c9b,https://shopee.ph/api/v4/product/get_shop_info?shopid=446577487
3390269781,442364402,https://shopee.ph/SALE50pcsonlyPIGGYChiffonLongSleeveShirtWomensSpringandAutumnWearNewLazyStyleCommuterLooseTopTrumpetSleeveSolidColorShirt-i.442364402.3390269781,https://shopee.ph/api/v2/item/get_ratings?filter=0&flag=1&itemid=3390269781&limit=50&offset=0&shopid=442364402&type=0,https://cf.shopee.ph/file/5a51e8e541670b4a2a98da68311ae0f8,https://shopee.ph/api/v4/product/get_shop_info?shopid=442364402
11120349179,494426915,https://shopee.ph/ChiffonShirtKoreanStyleLooseFashionBowShortsleevedBlouseWomen-i.494426915.11120349179,https://shopee.ph/api/v2/item/get_ratings?filter=0&flag=1&itemid=11120349179&limit=50&offset=0&shopid=494426915&type=0,https://cf.shopee.ph/file/301e4180d7adac5a7e2276918336773a,https://shopee.ph/api/v4/product/get_shop_info?shopid=494426915
4039375450,226484771,https://shopee.ph/BlueRaeFashionKoreanPolkaDotBlouseforWomen-i.226484771.4039375450,https://shopee.ph/api/v2/item/get_ratings?filter=0&flag=1&itemid=4039375450&limit=50&offset=0&shopid=226484771&type=0,https://cf.shopee.ph/file/f71b33c168e2ac180df3635b08687b1e,https://shopee.ph/api/v4/product/get_shop_info?shopid=226484771
10732366832,442819322,https://shopee.ph/ChiffonShirtWomenLooseBlouseLargeSizeBowShortsleevedBlouse-i.442819322.10732366832,https://shopee.ph/api/v2/item/get_ratings?filter=0&flag=1&itemid=10732366832&limit=50&offset=0&shopid=442819322&type=0,https://cf.shopee.ph/file/923a3fd12e404d51fa41e1f370d3997e,https://shopee.ph/api/v4/product/get_shop_info?shopid=442819322
5239379384,226484771,https://shopee.ph/BlueRaeFashionLadysKoreanBlouseforWomen-i.226484771.5239379384,https://shopee.ph/api/v2/item/get_ratings?filter=0&flag=1&itemid=5239379384&limit=50&offset=0&shopid=226484771&type=0,https://cf.shopee.ph/file/a2fa19dfeb8061d66b9270d5dc9bd76b,https://shopee.ph/api/v4/product/get_shop_info?shopid=226484771
11120897419,64360491,https://shopee.ph/koreanfashionknittedRoundneckblousetopshortsleeve-i.64360491.11120897419,https://shopee.ph/api/v2/item/get_ratings?filter=0&flag=1&itemid=11120897419&limit=50&offset=0&shopid=64360491&type=0,https://cf.shopee.ph/file/598c1133d1b84165ac478e122bd8d211,https://shopee.ph/api/v4/product/get_shop_info?shopid=64360491
11124987229,446577487,https://shopee.ph/KoreanShortsleevedTshirtwithLetterPrintPuffSleeveLooseCottonTop-i.446577487.11124987229,https://shopee.ph/api/v2/item/get_ratings?filter=0&flag=1&itemid=11124987229&limit=50&offset=0&shopid=446577487&type=0,https://cf.shopee.ph/file/fbd581d7f170f79c17c2de4d38c8fd28,https://shopee.ph/api/v4/product/get_shop_info?shopid=446577487
6264066795,1338091,https://shopee.ph/GoodDayFormalCasualCottonPlainEmbroideredShortSleeveXL2XLWomensTopShirtBlouse8350-i.1338091.6264066795,https://shopee.ph/api/v2/item/get_ratings?filter=0&flag=1&itemid=6264066795&limit=50&offset=0&shopid=1338091&type=0,https://cf.shopee.ph/file/52a8770489ec25a6e9aa93cdd9c61d94,https://shopee.ph/api/v4/product/get_shop_info?shopid=1338091
7451656191,298618052,https://shopee.ph/IcesilkknittedshortsleeveTshirtsummernewVneckhighwaistexposednavelshortslimknittedtopforwomen-i.298618052.7451656191,https://shopee.ph/api/v2/item/get_ratings?filter=0&flag=1&itemid=7451656191&limit=50&offset=0&shopid=298618052&type=0,https://cf.shopee.ph/file/6d1db09a9d40e2e48cf56759beea0149,https://shopee.ph/api/v4/product/get_shop_info?shopid=298618052
9538704888,312874722,https://shopee.ph/KoreanBoutiqueTrendyNewDesignLooseShirt1-i.312874722.9538704888,https://shopee.ph/api/v2/item/get_ratings?filter=0&flag=1&itemid=9538704888&limit=50&offset=0&shopid=312874722&type=0,https://cf.shopee.ph/file/3ca21800fa407c52dbfabb8a7171c2c9,https://shopee.ph/api/v4/product/get_shop_info?shopid=312874722
10726404536,467989456,https://shopee.ph/TripleAOversizedshirtCasualLetterPrintShortSleeveTshirtSummerKoreannewstylefemalestudentblouse-i.467989456.10726404536,https://shopee.ph/api/v2/item/get_ratings?filter=0&flag=1&itemid=10726404536&limit=50&offset=0&shopid=467989456&type=0,https://cf.shopee.ph/file/908f5587002212db9fb74366e02a1bca,https://shopee.ph/api/v4/product/get_shop_info?shopid=467989456
9122398206,398300573,https://shopee.ph/ATS1612NEWKOREANUNISEXFASHIONTOPTEESTSHIRTSROUNDNECK100GOODQUALITYCOTTON-i.398300573.9122398206,https://shopee.ph/api/v2/item/get_ratings?filter=0&flag=1&itemid=9122398206&limit=50&offset=0&shopid=398300573&type=0,https://cf.shopee.ph/file/0a36391466dab9362e8d231ec7049d4b,https://shopee.ph/api/v4/product/get_shop_info?shopid=398300573
8609874968,50099473,https://shopee.ph/2in1setsimpleKoreanpopularsportssweatshirttrousersunisexsizeKoreansize-i.50099473.8609874968,https://shopee.ph/api/v2/item/get_ratings?filter=0&flag=1&itemid=8609874968&limit=50&offset=0&shopid=50099473&type=0,https://cf.shopee.ph/file/382c399091d588d39888cc66553b154b,https://shopee.ph/api/v4/product/get_shop_info?shopid=50099473
10430632905,456945745,https://shopee.ph/MenShortSleevedTshirtCasualClothesKoreanLooseBottomingShirt-i.456945745.10430632905,https://shopee.ph/api/v2/item/get_ratings?filter=0&flag=1&itemid=10430632905&limit=50&offset=0&shopid=456945745&type=0,https://cf.shopee.ph/file/abd7e6769a6fb1098a062b449bf64f23,https://shopee.ph/api/v4/product/get_shop_info?shopid=456945745
11330133833,276895504,https://shopee.ph/oxgnonepiecefashionKoreanroundnecktshirtteestopsunisex-i.276895504.11330133833,https://shopee.ph/api/v2/item/get_ratings?filter=0&flag=1&itemid=11330133833&limit=50&offset=0&shopid=276895504&type=0,https://cf.shopee.ph/file/2e4483d5fcb1e5008adc034f8f3dd3f7,https://shopee.ph/api/v4/product/get_shop_info?shopid=276895504
10528944067,371422543,https://shopee.ph/MOLLGESummerAbstinenceStyleTemperamentShirtFashionTrendKoreanStyleShortSleevedOversizedShirtForMenTop-i.371422543.10528944067,https://shopee.ph/api/v2/item/get_ratings?filter=0&flag=1&itemid=10528944067&limit=50&offset=0&shopid=371422543&type=0,https://cf.shopee.ph/file/69bf8204085359adcd46c68f21f4d1ad,https://shopee.ph/api/v4/product/get_shop_info?shopid=371422543
8878484985,86411248,https://shopee.ph/EMILYTwoTonedTopTankNewTrend-i.86411248.8878484985,https://shopee.ph/api/v2/item/get_ratings?filter=0&flag=1&itemid=8878484985&limit=50&offset=0&shopid=86411248&type=0,https://cf.shopee.ph/file/3c292a8377a9f9b96e72a26114f6a85c,https://shopee.ph/api/v4/product/get_shop_info?shopid=86411248
10531164516,74897653,https://shopee.ph/DragonlogofashionKoreanroundnecktshirtteestopsunisex-i.74897653.10531164516,https://shopee.ph/api/v2/item/get_ratings?filter=0&flag=1&itemid=10531164516&limit=50&offset=0&shopid=74897653&type=0,https://cf.shopee.ph/file/36f7b82ad87baf9a1f97e0207e337ef8,https://shopee.ph/api/v4/product/get_shop_info?shopid=74897653
6285046010,202193803,https://shopee.ph/2021newshirtmensshortsleevedlooseKoreanshirttrendsummerdropshouldersolidcolorshirttop-i.202193803.6285046010,https://shopee.ph/api/v2/item/get_ratings?filter=0&flag=1&itemid=6285046010&limit=50&offset=0&shopid=202193803&type=0,https://cf.shopee.ph/file/5583d6755130d94b1ca3d542abe72b38,https://shopee.ph/api/v4/product/get_shop_info?shopid=202193803
9284963495,405162349,https://shopee.ph/CODM3XLMensNewTshirtSummerCoupleTshirtKoreanShortTTrendLooseTopStudentShortSleeveTshirtttshirtformen-i.405162349.9284963495,https://shopee.ph/api/v2/item/get_ratings?filter=0&flag=1&itemid=9284963495&limit=50&offset=0&shopid=405162349&type=0,https://cf.shopee.ph/file/ea48f359fa5cd86360b6a2ee330b4f8b,https://shopee.ph/api/v4/product/get_shop_info?shopid=405162349
11427352348,371422543,https://shopee.ph/MOLLGESummerPinkBlueSmileyPrintFashionKoreanStyleLooseOversizedTshirtForMenBlackPinkTop-i.371422543.11427352348,https://shopee.ph/api/v2/item/get_ratings?filter=0&flag=1&itemid=11427352348&limit=50&offset=0&shopid=371422543&type=0,https://cf.shopee.ph/file/ad68d4ccde51cd9a5330608ab4eafb9f,https://shopee.ph/api/v4/product/get_shop_info?shopid=371422543
11234493777,371422543,https://shopee.ph/MOLLGESummerSkateboardBearPrintFashionKoreanStyleLooseOversizedTshirtForMenBlackPinkTop-i.371422543.11234493777,https://shopee.ph/api/v2/item/get_ratings?filter=0&flag=1&itemid=11234493777&limit=50&offset=0&shopid=371422543&type=0,https://cf.shopee.ph/file/d10c1541349cf839ba22ee7bfbe52e07,https://shopee.ph/api/v4/product/get_shop_info?shopid=371422543
9627903603,202193803,https://shopee.ph/LongsleevedshirtmenslooseshouldericesilkcasualshirtclothesKoreanstyletop-i.202193803.9627903603,https://shopee.ph/api/v2/item/get_ratings?filter=0&flag=1&itemid=9627903603&limit=50&offset=0&shopid=202193803&type=0,https://cf.shopee.ph/file/e8e56ee1b4901b22f171d69c9afb09eb,https://shopee.ph/api/v4/product/get_shop_info?shopid=202193803
7796205636,405162349,https://shopee.ph/CODM4XLMensTshirtSummerNewCoupleTshirtKoreanShortTTrendLooseTopStudentShortSleeveTshirttshirtformen-i.405162349.7796205636,https://shopee.ph/api/v2/item/get_ratings?filter=0&flag=1&itemid=7796205636&limit=50&offset=0&shopid=405162349&type=0,https://cf.shopee.ph/file/2741dc22237b810fca67707944703d1e,https://shopee.ph/api/v4/product/get_shop_info?shopid=405162349
9560919803,405162349,https://shopee.ph/2021NewShortSleeveTshirtMenKoreanFashionSummerTopsFashionTshirtForMenClothingMenSTShirt-i.405162349.9560919803,https://shopee.ph/api/v2/item/get_ratings?filter=0&flag=1&itemid=9560919803&limit=50&offset=0&shopid=405162349&type=0,https://cf.shopee.ph/file/62e2cdefcc418925aaa90d2224725184,https://shopee.ph/api/v4/product/get_shop_info?shopid=405162349
6457662283,47114599,https://shopee.ph/Simple2in1setKoreanpopularsportssweatshirttrousersunisexsizeKoreansize-i.47114599.6457662283,https://shopee.ph/api/v2/item/get_ratings?filter=0&flag=1&itemid=6457662283&limit=50&offset=0&shopid=47114599&type=0,https://cf.shopee.ph/file/623d8979c00beb061b9a732541a60e75,https://shopee.ph/api/v4/product/get_shop_info?shopid=47114599
7796256289,405162349,https://shopee.ph/CODM4XLSummerCoupleTshirtMensKoreanShortsleevedTshirtTrendLooseTopStudentShortTtshirtformen-i.405162349.7796256289,https://shopee.ph/api/v2/item/get_ratings?filter=0&flag=1&itemid=7796256289&limit=50&offset=0&shopid=405162349&type=0,https://cf.shopee.ph/file/2369234ba9e593ffb7729ed5de5cc3c4,https://shopee.ph/api/v4/product/get_shop_info?shopid=405162349
10407734536,405162349,https://shopee.ph/CODSummerHipHopShortSleeveTshirtMenSTShirtRoundNeckLooseCasualKoreanFashionTopTshirtForMen-i.405162349.10407734536,https://shopee.ph/api/v2/item/get_ratings?filter=0&flag=1&itemid=10407734536&limit=50&offset=0&shopid=405162349&type=0,https://cf.shopee.ph/file/100f6b2b7cf26b019ac1133279caf3c6,https://shopee.ph/api/v4/product/get_shop_info?shopid=405162349
8680884053,371422543,https://shopee.ph/MOLLGESummerMoonPrintFashionKoreanStyleLooseOversizedTshirtForMenBlackPinkTop-i.371422543.8680884053,https://shopee.ph/api/v2/item/get_ratings?filter=0&flag=1&itemid=8680884053&limit=50&offset=0&shopid=371422543&type=0,https://cf.shopee.ph/file/9741661a35e25b13dcaeac4aaaf52bed,https://shopee.ph/api/v4/product/get_shop_info?shopid=371422543
8812598550,297500153,https://shopee.ph/UnisexKoreanFashionNIKERoundNeckLongSleeveTshirtwithlongsleeve-i.297500153.8812598550,https://shopee.ph/api/v2/item/get_ratings?filter=0&flag=1&itemid=8812598550&limit=50&offset=0&shopid=297500153&type=0,https://cf.shopee.ph/file/d7d4ca2adfbc37f0b4a08ce889a15932,https://shopee.ph/api/v4/product/get_shop_info?shopid=297500153
6770632454,313361199,https://shopee.ph/M3XL3colorOversizeFatMensTShirtTeesKoreanStyleBigSizeLooseCottonRoundNeckCartoonPrintedShortSleeveForMenUnisexFashionTrendCasualTopsHipHopStreetwearStudentYouthWildBreathableCouplepink-i.313361199.6770632454,https://shopee.ph/api/v2/item/get_ratings?filter=0&flag=1&itemid=6770632454&limit=50&offset=0&shopid=313361199&type=0,https://cf.shopee.ph/file/d79995d8e93ec4fb205a1c877afbb652,https://shopee.ph/api/v4/product/get_shop_info?shopid=313361199
11433505687,21233263,https://shopee.ph/WHALESHARKTM113Mtshirtformenkoreanfashionlooseteenoversizedtopsonsalebigsize40-i.21233263.11433505687,https://shopee.ph/api/v2/item/get_ratings?filter=0&flag=1&itemid=11433505687&limit=50&offset=0&shopid=21233263&type=0,https://cf.shopee.ph/file/c9aa5ffd7d05733fa3f3f8c16dc7013f,https://shopee.ph/api/v4/product/get_shop_info?shopid=21233263
3080081691,192073727,https://shopee.ph/MensKoreanStyleHalfSleevesFashionAnimeLooseTShirtHipHopGraffitiBigPrintOversizedShirtPlusSizeTeesTopBIAOKU-i.192073727.3080081691,https://shopee.ph/api/v2/item/get_ratings?filter=0&flag=1&itemid=3080081691&limit=50&offset=0&shopid=192073727&type=0,https://cf.shopee.ph/file/daa7c7249b6470cebdbb25c5fd78967b,https://shopee.ph/api/v4/product/get_shop_info?shopid=192073727
6135803204,141606030,https://shopee.ph/33945RetroColorGridPatternBubbleSleeveCropTopShortSleeveShirt33945-i.141606030.6135803204,https://shopee.ph/api/v2/item/get_ratings?filter=0&flag=1&itemid=6135803204&limit=50&offset=0&shopid=141606030&type=0,https://cf.shopee.ph/file/dd9ecd48d26de1e24163d23e317d756a,https://shopee.ph/api/v4/product/get_shop_info?shopid=141606030
8286551280,446577487,https://shopee.ph/PrintedShortsleevedShirtWomenKoreanLooseChiffonShirt-i.446577487.8286551280,https://shopee.ph/api/v2/item/get_ratings?filter=0&flag=1&itemid=8286551280&limit=50&offset=0&shopid=446577487&type=0,https://cf.shopee.ph/file/dd06078fb5d5be6cb617d15b32d4d697,https://shopee.ph/api/v4/product/get_shop_info?shopid=446577487
7742628820,140134509,https://shopee.ph/KoreansexyplaincolorvnecktopsforwomenKorstylevneckblouseWomenssunprotectiontop-i.140134509.7742628820,https://shopee.ph/api/v2/item/get_ratings?filter=0&flag=1&itemid=7742628820&limit=50&offset=0&shopid=140134509&type=0,https://cf.shopee.ph/file/73585470ff51fcfa131a7e364a9919e5,https://shopee.ph/api/v4/product/get_shop_info?shopid=140134509
6580193656,46399675,https://shopee.ph/AUTUMNKoreanLettuceLongsleevesTop-i.46399675.6580193656,https://shopee.ph/api/v2/item/get_ratings?filter=0&flag=1&itemid=6580193656&limit=50&offset=0&shopid=46399675&type=0,https://cf.shopee.ph/file/bacce9353e3248e7ede8eb12cfb53f71,https://shopee.ph/api/v4/product/get_shop_info?shopid=46399675
3494884161,489547990,https://shopee.ph/FashionableKoreanLongSleevesShadesofYellowandGreen-i.489547990.3494884161,https://shopee.ph/api/v2/item/get_ratings?filter=0&flag=1&itemid=3494884161&limit=50&offset=0&shopid=489547990&type=0,https://cf.shopee.ph/file/f73e2d10df6eba83875af63eebd6fb61,https://shopee.ph/api/v4/product/get_shop_info?shopid=489547990
11031708173,484975541,https://shopee.ph/SummerShortSleevedTTshirtFemaleStudentKoreanStyleAllMatchLooseHalfSleeveTopFashionins-i.484975541.11031708173,https://shopee.ph/api/v2/item/get_ratings?filter=0&flag=1&itemid=11031708173&limit=50&offset=0&shopid=484975541&type=0,https://cf.shopee.ph/file/e6e55b7a7c6e9885040bc803e0a88066,https://shopee.ph/api/v4/product/get_shop_info?shopid=484975541
6844085261,141606030,https://shopee.ph/KoreanSweetCuteLooseLongSleeveShirtTops-i.141606030.6844085261,https://shopee.ph/api/v2/item/get_ratings?filter=0&flag=1&itemid=6844085261&limit=50&offset=0&shopid=141606030&type=0,https://cf.shopee.ph/file/ef113921ee2f1a7a5d6c873d376f996f,https://shopee.ph/api/v4/product/get_shop_info?shopid=141606030
9856496188,36061658,https://shopee.ph/ladiescausalelegantplainsquarecollarproofsleevetops-i.36061658.9856496188,https://shopee.ph/api/v2/item/get_ratings?filter=0&flag=1&itemid=9856496188&limit=50&offset=0&shopid=36061658&type=0,https://cf.shopee.ph/file/47006ed47e3c66dadd2a4687ce4a91af,https://shopee.ph/api/v4/product/get_shop_info?shopid=36061658
10623693035,453259263,https://shopee.ph/Womensknittedcardiganshortsinglebreastedshortsleevedtop-i.453259263.10623693035,https://shopee.ph/api/v2/item/get_ratings?filter=0&flag=1&itemid=10623693035&limit=50&offset=0&shopid=453259263&type=0,https://cf.shopee.ph/file/1225bafa357fc9094cbf281036f5f669,https://shopee.ph/api/v4/product/get_shop_info?shopid=453259263
3663848146,126018720,https://shopee.ph/ReadyStockWomenChiffonPuffSleeveCropTopFloralLongSleeveTShirtsTopsCroptop-i.126018720.3663848146,https://shopee.ph/api/v2/item/get_ratings?filter=0&flag=1&itemid=3663848146&limit=50&offset=0&shopid=126018720&type=0,https://cf.shopee.ph/file/bac4dbe0c5b2608853846c2f0f283bde,https://shopee.ph/api/v4/product/get_shop_info?shopid=126018720
11331599313,494689664,https://shopee.ph/WhiteSatinShirtWomensAutumnandWinterDesignVersatileRetroTemperamentLongSleeveDrapeTop-i.494689664.11331599313,https://shopee.ph/api/v2/item/get_ratings?filter=0&flag=1&itemid=11331599313&limit=50&offset=0&shopid=494689664&type=0,https://cf.shopee.ph/file/9bb6914f619a98d7a2b9b017de99bd15,https://shopee.ph/api/v4/product/get_shop_info?shopid=494689664
6663742476,126018720,https://shopee.ph/ReadyStockCODWomenKoreanCropTopsWesternStyleDesignTopsLongSleeveShirtChiffonTopsCasualBlouseLooseTops-i.126018720.6663742476,https://shopee.ph/api/v2/item/get_ratings?filter=0&flag=1&itemid=6663742476&limit=50&offset=0&shopid=126018720&type=0,https://cf.shopee.ph/file/4c07844e3da3e55adaec1044863ad905,https://shopee.ph/api/v4/product/get_shop_info?shopid=126018720
8287486021,420881087,https://shopee.ph/PlusSizeBlouseWomenCasualShirtsKoreanStyleFashionLooseLongSleeveShirts-i.420881087.8287486021,https://shopee.ph/api/v2/item/get_ratings?filter=0&flag=1&itemid=8287486021&limit=50&offset=0&shopid=420881087&type=0,https://cf.shopee.ph/file/9fc0cb9eb496fd3568f409be5906b57b,https://shopee.ph/api/v4/product/get_shop_info?shopid=420881087
3989925558,50106625,https://shopee.ph/lgohphbohotietopsmockedoffshoulderstripelongsleevesvstring-i.50106625.3989925558,https://shopee.ph/api/v2/item/get_ratings?filter=0&flag=1&itemid=3989925558&limit=50&offset=0&shopid=50106625&type=0,https://cf.shopee.ph/file/83d46bdeacf99afbb672a6cc50d5ef93,https://shopee.ph/api/v4/product/get_shop_info?shopid=50106625
9683305154,360379308,https://shopee.ph/PuffSleeveKoreanstylePleatedVersatileSlimTopChiffonSweetCuteTops-i.360379308.9683305154,https://shopee.ph/api/v2/item/get_ratings?filter=0&flag=1&itemid=9683305154&limit=50&offset=0&shopid=360379308&type=0,https://cf.shopee.ph/file/081ffc830f3100d247c57c0aae47c2a3,https://shopee.ph/api/v4/product/get_shop_info?shopid=360379308
9085067893,469040375,https://shopee.ph/KoreanstyleSolidcolorwomensblousesimplelapelchiffonlongsleeveshirt3colors-i.469040375.9085067893,https://shopee.ph/api/v2/item/get_ratings?filter=0&flag=1&itemid=9085067893&limit=50&offset=0&shopid=469040375&type=0,https://cf.shopee.ph/file/d3b411da0cab1dc313750702634ed9db,https://shopee.ph/api/v4/product/get_shop_info?shopid=469040375
8984463141,469040375,https://shopee.ph/Koreanstyleloosetopcasualstripedlongsleevedwomensshirt2colors-i.469040375.8984463141,https://shopee.ph/api/v2/item/get_ratings?filter=0&flag=1&itemid=8984463141&limit=50&offset=0&shopid=469040375&type=0,https://cf.shopee.ph/file/bfed5ead3c6d7bff23191fc1c798c88f,https://shopee.ph/api/v4/product/get_shop_info?shopid=469040375
2986465635,151149464,https://shopee.ph/SunscreenBlusewomennewchiffonmidlengthlooseshawlcasualKoreanbeachlargesizesunscreenBlusewomen-i.151149464.2986465635,https://shopee.ph/api/v2/item/get_ratings?filter=0&flag=1&itemid=2986465635&limit=50&offset=0&shopid=151149464&type=0,https://cf.shopee.ph/file/a65b228b4f2f28d31847f94796c68f12,https://shopee.ph/api/v4/product/get_shop_info?shopid=151149464
11319931117,490592098,https://shopee.ph/KKOnlineShopKoreanBoutiqueTrendyNewDesignLooseShirt-i.490592098.11319931117,https://shopee.ph/api/v2/item/get_ratings?filter=0&flag=1&itemid=11319931117&limit=50&offset=0&shopid=490592098&type=0,https://cf.shopee.ph/file/b55352146c424485e8940d772d0ad207,https://shopee.ph/api/v4/product/get_shop_info?shopid=490592098
9141912298,219216737,https://shopee.ph/KoreanStyleWomenBlouseLongSleeveOversizedRetroCheckeredLooseShirtWoman-i.219216737.9141912298,https://shopee.ph/api/v2/item/get_ratings?filter=0&flag=1&itemid=9141912298&limit=50&offset=0&shopid=219216737&type=0,https://cf.shopee.ph/file/6223518950ec2729b44df57affed544c,https://shopee.ph/api/v4/product/get_shop_info?shopid=219216737
10734224865,420881087,https://shopee.ph/ChiffonPlusSizeBlouseWomenSummerKoreanStyleAllmatchBlouseTops-i.420881087.10734224865,https://shopee.ph/api/v2/item/get_ratings?filter=0&flag=1&itemid=10734224865&limit=50&offset=0&shopid=420881087&type=0,https://cf.shopee.ph/file/28c23a1d2030c36951311e8dd0c24610,https://shopee.ph/api/v4/product/get_shop_info?shopid=420881087
3868586352,51801232,https://shopee.ph/SimpleactivitieslongsleevedTshirtDRIFITunisexregularsizesolidcolorroundnecktop-i.51801232.3868586352,https://shopee.ph/api/v2/item/get_ratings?filter=0&flag=1&itemid=3868586352&limit=50&offset=0&shopid=51801232&type=0,https://cf.shopee.ph/file/64a41c19500f1a1e7c5040989970d869,https://shopee.ph/api/v4/product/get_shop_info?shopid=51801232
7563770506,325618926,https://shopee.ph/ChiffonKoreanStyleoffShoulderLongSleeveTopsRibbonCropShirtClassicPlainColorBlouse-i.325618926.7563770506,https://shopee.ph/api/v2/item/get_ratings?filter=0&flag=1&itemid=7563770506&limit=50&offset=0&shopid=325618926&type=0,https://cf.shopee.ph/file/fedf4fb3708d3203b35d42e6bb5f5896,https://shopee.ph/api/v4/product/get_shop_info?shopid=325618926
1835673536,35902344,https://shopee.ph/HighQualityLongSleevePlainBlousePoloforWomenOfficewearUniformCottonSlimFitKoreanStyle-i.35902344.1835673536,https://shopee.ph/api/v2/item/get_ratings?filter=0&flag=1&itemid=1835673536&limit=50&offset=0&shopid=35902344&type=0,https://cf.shopee.ph/file/e2e2c787bb7081fb1dc7a9fe2369a35d,https://shopee.ph/api/v4/product/get_shop_info?shopid=35902344
9419964864,46399675,https://shopee.ph/ALLURELongsleevesFloralStringRuchedTopHOTITEM-i.46399675.9419964864,https://shopee.ph/api/v2/item/get_ratings?filter=0&flag=1&itemid=9419964864&limit=50&offset=0&shopid=46399675&type=0,https://cf.shopee.ph/file/373e29ed72184b2ff335f96c3564cdb3,https://shopee.ph/api/v4/product/get_shop_info?shopid=46399675
11125008565,387728041,https://shopee.ph/LXLHighQualityPrelovedKoreanBlousesTops-i.387728041.11125008565,https://shopee.ph/api/v2/item/get_ratings?filter=0&flag=1&itemid=11125008565&limit=50&offset=0&shopid=387728041&type=0,https://cf.shopee.ph/file/103a88c0d1b4122a5539914f509adf5b,https://shopee.ph/api/v4/product/get_shop_info?shopid=387728041
11532338566,348935723,https://shopee.ph/Koreanstylesunprotectionclothingwomensmidlengthcoatloosethinbeachshawlchiffontops-i.348935723.11532338566,https://shopee.ph/api/v2/item/get_ratings?filter=0&flag=1&itemid=11532338566&limit=50&offset=0&shopid=348935723&type=0,https://cf.shopee.ph/file/e11535f0891afe479b39fce2cd0918c4,https://shopee.ph/api/v4/product/get_shop_info?shopid=348935723
10827604574,494426915,https://shopee.ph/KoreanVneckShirtLooseAllmatchChiffonFashionWaistCoatWomenBlouse-i.494426915.10827604574,https://shopee.ph/api/v2/item/get_ratings?filter=0&flag=1&itemid=10827604574&limit=50&offset=0&shopid=494426915&type=0,https://cf.shopee.ph/file/0a8c65185b748e9987d594ccbac429d8,https://shopee.ph/api/v4/product/get_shop_info?shopid=494426915
2970745931,428583081,https://shopee.ph/CODReadyStockKoreanWomensPuffSleeveCropTopSexySquareNeckShortChiffonLongSleeveBlouse-i.428583081.2970745931,https://shopee.ph/api/v2/item/get_ratings?filter=0&flag=1&itemid=2970745931&limit=50&offset=0&shopid=428583081&type=0,https://cf.shopee.ph/file/a6a961593cbaaea06c38c209b9c9fb52,https://shopee.ph/api/v4/product/get_shop_info?shopid=428583081
8078697827,312874722,https://shopee.ph/boutiquekoreanlongblouseOversizedTieDyeShirtBoyfriendShirtsBasicTopHighQualityPlus-i.312874722.8078697827,https://shopee.ph/api/v2/item/get_ratings?filter=0&flag=1&itemid=8078697827&limit=50&offset=0&shopid=312874722&type=0,https://cf.shopee.ph/file/8868126649b7b739fe63842820040f07,https://shopee.ph/api/v4/product/get_shop_info?shopid=312874722
10218387908,382931801,https://shopee.ph/WomensBlouseSmockPlainPuffLongsleeves60804Biztree-i.382931801.10218387908,https://shopee.ph/api/v2/item/get_ratings?filter=0&flag=1&itemid=10218387908&limit=50&offset=0&shopid=382931801&type=0,https://cf.shopee.ph/file/a4855165f00f527f9e67f8e62beea488,https://shopee.ph/api/v4/product/get_shop_info?shopid=382931801
5688828359,347488706,https://shopee.ph/WomensTopKoreanLooseShirtFashionFloralPrintBlouseSummerQuarterSleevebangkokTop-i.347488706.5688828359,https://shopee.ph/api/v2/item/get_ratings?filter=0&flag=1&itemid=5688828359&limit=50&offset=0&shopid=347488706&type=0,https://cf.shopee.ph/file/4e6a4fbd2837a2e92ca79f7f9b375da6,https://shopee.ph/api/v4/product/get_shop_info?shopid=347488706
9787484600,420881087,https://shopee.ph/PlusSizeBlouseKnittedTopsWomensKoreanStyleCasualLongSleeveBlouseTops-i.420881087.9787484600,https://shopee.ph/api/v2/item/get_ratings?filter=0&flag=1&itemid=9787484600&limit=50&offset=0&shopid=420881087&type=0,https://cf.shopee.ph/file/608ca22f4667d8f0df8add09af344fb2,https://shopee.ph/api/v4/product/get_shop_info?shopid=420881087
5354703001,304021783,https://shopee.ph/WomenslongsleeveSatinshirtwomensdesignsensesmallcrowdautumnnewversatileverticalfeelingretroHongKongstyleshirttop-i.304021783.5354703001,https://shopee.ph/api/v2/item/get_ratings?filter=0&flag=1&itemid=5354703001&limit=50&offset=0&shopid=304021783&type=0,https://cf.shopee.ph/file/fb996ee46f790a7af7dc2aa27103bd5a,https://shopee.ph/api/v4/product/get_shop_info?shopid=304021783
9042005202,219216737,https://shopee.ph/PlaidBlouseWomensSpring2021KoreanVersionofTheLooseShawlLongSunscreenTop-i.219216737.9042005202,https://shopee.ph/api/v2/item/get_ratings?filter=0&flag=1&itemid=9042005202&limit=50&offset=0&shopid=219216737&type=0,https://cf.shopee.ph/file/57b6240c9f91aa2c95eb329539ed97df,https://shopee.ph/api/v4/product/get_shop_info?shopid=219216737
8741907497,219216737,https://shopee.ph/PlaidBlouseOversizeWomenLooseKoreanRetroShirt-i.219216737.8741907497,https://shopee.ph/api/v2/item/get_ratings?filter=0&flag=1&itemid=8741907497&limit=50&offset=0&shopid=219216737&type=0,https://cf.shopee.ph/file/4b7ff937b481de00f05d72675258bea6,https://shopee.ph/api/v4/product/get_shop_info?shopid=219216737
3863385345,61697017,https://shopee.ph/AriaLettuceRibKnitStringLongSleeveTopTRENDYOOTD-i.61697017.3863385345,https://shopee.ph/api/v2/item/get_ratings?filter=0&flag=1&itemid=3863385345&limit=50&offset=0&shopid=61697017&type=0,https://cf.shopee.ph/file/0e2288ea2406a518e62eb3b92fb346b1,https://shopee.ph/api/v4/product/get_shop_info?shopid=61697017
3387185380,40841188,https://shopee.ph/XiaozhainvSunscreenKnittedCardiganWomenLooseLongsleevedShortTop-i.40841188.3387185380,https://shopee.ph/api/v2/item/get_ratings?filter=0&flag=1&itemid=3387185380&limit=50&offset=0&shopid=40841188&type=0,https://cf.shopee.ph/file/864c01512a1d7c57e172894d78da3108,https://shopee.ph/api/v4/product/get_shop_info?shopid=40841188
9365025903,449754824,https://shopee.ph/BTGNewDesignShortTopKoreanStyleSlimLongsleevedTshirtFemaleIns-i.449754824.9365025903,https://shopee.ph/api/v2/item/get_ratings?filter=0&flag=1&itemid=9365025903&limit=50&offset=0&shopid=449754824&type=0,https://cf.shopee.ph/file/5069a62a85afbd220c6d77551016812f,https://shopee.ph/api/v4/product/get_shop_info?shopid=449754824
9068884498,273094218,https://shopee.ph/WomensLongSleeveShirtVintagePoloFloralPrintShirts-i.273094218.9068884498,https://shopee.ph/api/v2/item/get_ratings?filter=0&flag=1&itemid=9068884498&limit=50&offset=0&shopid=273094218&type=0,https://cf.shopee.ph/file/d05aaf4d600e5f39c0069e32e05b7be0,https://shopee.ph/api/v4/product/get_shop_info?shopid=273094218
11027597290,494426915,https://shopee.ph/KoreanVneckLongsleevedShirtRuffledSlimFashionTopWomenBlouse-i.494426915.11027597290,https://shopee.ph/api/v2/item/get_ratings?filter=0&flag=1&itemid=11027597290&limit=50&offset=0&shopid=494426915&type=0,https://cf.shopee.ph/file/dda3ba6d32acee0850e7e064f628d0ca,https://shopee.ph/api/v4/product/get_shop_info?shopid=494426915
2840385666,178686678,https://shopee.ph/MyChicPickBEATop-i.178686678.2840385666,https://shopee.ph/api/v2/item/get_ratings?filter=0&flag=1&itemid=2840385666&limit=50&offset=0&shopid=178686678&type=0,https://cf.shopee.ph/file/a7dbfa4ef08958938cb3d103f3208d8a,https://shopee.ph/api/v4/product/get_shop_info?shopid=178686678
11730378172,442819322,https://shopee.ph/WomensRoundNeckStripedShirtKoreanStyleLooseThreequarterSleeveDollShirtTopWomen-i.442819322.11730378172,https://shopee.ph/api/v2/item/get_ratings?filter=0&flag=1&itemid=11730378172&limit=50&offset=0&shopid=442819322&type=0,https://cf.shopee.ph/file/236476fb6ea2f2f2fc8d17fb839519e0,https://shopee.ph/api/v4/product/get_shop_info?shopid=442819322
9556584817,38991357,https://shopee.ph/Koreanstyleretroshirtpersonalityshirtallmatchthinprintblouse-i.38991357.9556584817,https://shopee.ph/api/v2/item/get_ratings?filter=0&flag=1&itemid=9556584817&limit=50&offset=0&shopid=38991357&type=0,https://cf.shopee.ph/file/b9b95528709ce1452f94f14d2387b95a,https://shopee.ph/api/v4/product/get_shop_info?shopid=38991357
9948066587,86411248,https://shopee.ph/EmilyLongsleeveFloralStringRuchedTrendyTop-i.86411248.9948066587,https://shopee.ph/api/v2/item/get_ratings?filter=0&flag=1&itemid=9948066587&limit=50&offset=0&shopid=86411248&type=0,https://cf.shopee.ph/file/aebdc0499ed98ee51ee5cef99b61c022,https://shopee.ph/api/v4/product/get_shop_info?shopid=86411248
11628889900,279482621,https://shopee.ph/CottonPlaidShirtWomen2021SpringandAutumnNewStyleKoreanLooseLongsleevedRetroHongKongstyleForeignStudentJacket-i.279482621.11628889900,https://shopee.ph/api/v2/item/get_ratings?filter=0&flag=1&itemid=11628889900&limit=50&offset=0&shopid=279482621&type=0,https://cf.shopee.ph/file/24ca440aee02f14e254c25d3d3206ca0,https://shopee.ph/api/v4/product/get_shop_info?shopid=279482621
9639463784,417317962,https://shopee.ph/Newfashionshirtwomensautumnandwinternewlongsleevedshirttops-i.417317962.9639463784,https://shopee.ph/api/v2/item/get_ratings?filter=0&flag=1&itemid=9639463784&limit=50&offset=0&shopid=417317962&type=0,https://cf.shopee.ph/file/d5f67eff6db55b9c0a085cd303aaad60,https://shopee.ph/api/v4/product/get_shop_info?shopid=417317962
6862114509,36637203,https://shopee.ph/OversizedTopPlusSizeKoreannewestFashioncartoonWomenTopsBasicTeecasual-i.36637203.6862114509,https://shopee.ph/api/v2/item/get_ratings?filter=0&flag=1&itemid=6862114509&limit=50&offset=0&shopid=36637203&type=0,https://cf.shopee.ph/file/cee21f3bb9b3fbca43b549d2fff92186,https://shopee.ph/api/v4/product/get_shop_info?shopid=36637203
4996843891,420881087,https://shopee.ph/PlusSizeBlouseCottonWomenCasualLongsleevedTshirtKoreanStyleVneckAllmatchBlouseTops-i.420881087.4996843891,https://shopee.ph/api/v2/item/get_ratings?filter=0&flag=1&itemid=4996843891&limit=50&offset=0&shopid=420881087&type=0,https://cf.shopee.ph/file/079070cd0abfc3e75ed014c3efd4769d,https://shopee.ph/api/v4/product/get_shop_info?shopid=420881087
10930281262,483117715,https://shopee.ph/TTKoreanKnitwearSquareCollarSolidColorStitchingChiffonSleeveKnitwearTopsWomensTrendyKnitwear-i.483117715.10930281262,https://shopee.ph/api/v2/item/get_ratings?filter=0&flag=1&itemid=10930281262&limit=50&offset=0&shopid=483117715&type=0,https://cf.shopee.ph/file/3cc032b966feeeb313d8bab25075afbb,https://shopee.ph/api/v4/product/get_shop_info?shopid=483117715
6769554609,325618926,https://shopee.ph/RetroFloralBlouseSquareCollarChiffonShirtLongSleeveTops-i.325618926.6769554609,https://shopee.ph/api/v2/item/get_ratings?filter=0&flag=1&itemid=6769554609&limit=50&offset=0&shopid=325618926&type=0,https://cf.shopee.ph/file/b8b559e6196073f329b87f15321c870b,https://shopee.ph/api/v4/product/get_shop_info?shopid=325618926
9768882713,273094218,https://shopee.ph/WomenLongSleeveShirtsPoloCollarRetroPrintShirt-i.273094218.9768882713,https://shopee.ph/api/v2/item/get_ratings?filter=0&flag=1&itemid=9768882713&limit=50&offset=0&shopid=273094218&type=0,https://cf.shopee.ph/file/7bf2b884e31e19551209849342d079d6,https://shopee.ph/api/v4/product/get_shop_info?shopid=273094218
8318443654,390661481,https://shopee.ph/CODShortsleevedfashionshirtwomenslooseandthinTshirttops-i.390661481.8318443654,https://shopee.ph/api/v2/item/get_ratings?filter=0&flag=1&itemid=8318443654&limit=50&offset=0&shopid=390661481&type=0,https://cf.shopee.ph/file/e8c9f2eb6dee2866cf0a79f6e77c6c46,https://shopee.ph/api/v4/product/get_shop_info?shopid=390661481
9380643749,490592098,https://shopee.ph/KKKoreanBoutiqueTrendyNewDesignLooseShirt-i.490592098.9380643749,https://shopee.ph/api/v2/item/get_ratings?filter=0&flag=1&itemid=9380643749&limit=50&offset=0&shopid=490592098&type=0,https://cf.shopee.ph/file/501899511f4faaf2478c8d6a0b750c7a,https://shopee.ph/api/v4/product/get_shop_info?shopid=490592098
11314264537,151149464,https://shopee.ph/M5XLBlouseWomensLongSleevePlaidofLooseBigYardsOversizedBlouse-i.151149464.11314264537,https://shopee.ph/api/v2/item/get_ratings?filter=0&flag=1&itemid=11314264537&limit=50&offset=0&shopid=151149464&type=0,https://cf.shopee.ph/file/795aea97fb00cd7850487481fa9548b6,https://shopee.ph/api/v4/product/get_shop_info?shopid=151149464
2943967262,219216737,https://shopee.ph/WomensNewLooseBlouseLongSleeveVintagePlainShirtPlusSize-i.219216737.2943967262,https://shopee.ph/api/v2/item/get_ratings?filter=0&flag=1&itemid=2943967262&limit=50&offset=0&shopid=219216737&type=0,https://cf.shopee.ph/file/13c38b1c8f416a9e76db23a0ccfbb29f,https://shopee.ph/api/v4/product/get_shop_info?shopid=219216737
6559163838,149205620,https://shopee.ph/TaisenKoreanstylefashionablecasualshirtwithpleatedsleeves-i.149205620.6559163838,https://shopee.ph/api/v2/item/get_ratings?filter=0&flag=1&itemid=6559163838&limit=50&offset=0&shopid=149205620&type=0,https://cf.shopee.ph/file/cbfe56434731fc788ff66a838ff6124c,https://shopee.ph/api/v4/product/get_shop_info?shopid=149205620
9387618450,457382190,https://shopee.ph/2021newautumndesignfeelingminoritysupershorttopwomensKoreanloosewhiteLongSleeveSweaterfashion-i.457382190.9387618450,https://shopee.ph/api/v2/item/get_ratings?filter=0&flag=1&itemid=9387618450&limit=50&offset=0&shopid=457382190&type=0,https://cf.shopee.ph/file/b85df397ced343f9b804b779c517ea4d,https://shopee.ph/api/v4/product/get_shop_info?shopid=457382190
3361512461,141606030,https://shopee.ph/38992IrregularDesignLongSleevedShirtKoreanWomenTopsMintDress-i.141606030.3361512461,https://shopee.ph/api/v2/item/get_ratings?filter=0&flag=1&itemid=3361512461&limit=50&offset=0&shopid=141606030&type=0,https://cf.shopee.ph/file/55b9319639525be2da2df148364861f7,https://shopee.ph/api/v4/product/get_shop_info?shopid=141606030
6987389103,405182515,https://shopee.ph/LargeSizeWomensNewLooseChiffonVneckShirtSuppleandComfortableKoreanBlouseLongSleeveBaseShirt-i.405182515.6987389103,https://shopee.ph/api/v2/item/get_ratings?filter=0&flag=1&itemid=6987389103&limit=50&offset=0&shopid=405182515&type=0,https://cf.shopee.ph/file/d275c10995a601ff05e86ec516f1b3a6,https://shopee.ph/api/v4/product/get_shop_info?shopid=405182515
10013408728,472232144,https://shopee.ph/WhiteLadiesVNeckKnittedBlouselongsleeveshirttopsforwomenbuttondowntop-i.472232144.10013408728,https://shopee.ph/api/v2/item/get_ratings?filter=0&flag=1&itemid=10013408728&limit=50&offset=0&shopid=472232144&type=0,https://cf.shopee.ph/file/cc68d79b3c0ff72b7cfd902e6477b823,https://shopee.ph/api/v4/product/get_shop_info?shopid=472232144
3397605416,444774728,https://shopee.ph/ReadyStockKoreanWomensPuffSleeveCropTopSexySquareNeckShortChiffonLongSleeveBlouse-i.444774728.3397605416,https://shopee.ph/api/v2/item/get_ratings?filter=0&flag=1&itemid=3397605416&limit=50&offset=0&shopid=444774728&type=0,https://cf.shopee.ph/file/8ba79fd6474fa6977ea2eed3b8c6916c,https://shopee.ph/api/v4/product/get_shop_info?shopid=444774728
3879814746,141606030,https://shopee.ph/BasicSolidColorLooseLongSleeveShirt-i.141606030.3879814746,https://shopee.ph/api/v2/item/get_ratings?filter=0&flag=1&itemid=3879814746&limit=50&offset=0&shopid=141606030&type=0,https://cf.shopee.ph/file/b79f135cbaef063fdd3d32548cf0e5a0,https://shopee.ph/api/v4/product/get_shop_info?shopid=141606030
9675574435,389973330,https://shopee.ph/Squareneckslimshortthinlongsleevedknittedtop-i.389973330.9675574435,https://shopee.ph/api/v2/item/get_ratings?filter=0&flag=1&itemid=9675574435&limit=50&offset=0&shopid=389973330&type=0,https://cf.shopee.ph/file/0980e2be0927640f7d66044e6b1e8ac4,https://shopee.ph/api/v4/product/get_shop_info?shopid=389973330
5720131064,141606030,https://shopee.ph/WomenSingleBreastedSweaterWildComfortableFittedSolidLongSleeveTops-i.141606030.5720131064,https://shopee.ph/api/v2/item/get_ratings?filter=0&flag=1&itemid=5720131064&limit=50&offset=0&shopid=141606030&type=0,https://cf.shopee.ph/file/d0a024517b6e95e6b86304e5da180d7f,https://shopee.ph/api/v4/product/get_shop_info?shopid=141606030
7645577041,141606030,https://shopee.ph/FrenchMinorityRetroPrintVNeckLaceLongSleeveShirt-i.141606030.7645577041,https://shopee.ph/api/v2/item/get_ratings?filter=0&flag=1&itemid=7645577041&limit=50&offset=0&shopid=141606030&type=0,https://cf.shopee.ph/file/65c5cb3b221d93be7127c576da29d975,https://shopee.ph/api/v4/product/get_shop_info?shopid=141606030
7387674246,38991357,https://shopee.ph/ElegantLongSleeveTunicLadiesTop-i.38991357.7387674246,https://shopee.ph/api/v2/item/get_ratings?filter=0&flag=1&itemid=7387674246&limit=50&offset=0&shopid=38991357&type=0,https://cf.shopee.ph/file/062c0b04e19496915a1f9be48c46d030,https://shopee.ph/api/v4/product/get_shop_info?shopid=38991357
8316059463,389517614,https://shopee.ph/99pesotindahanOversizedTopPlusSizeKoreannewestFashioncartoonWomenTopsBasicTeecasual-i.389517614.8316059463,https://shopee.ph/api/v2/item/get_ratings?filter=0&flag=1&itemid=8316059463&limit=50&offset=0&shopid=389517614&type=0,https://cf.shopee.ph/file/df3cc93c133bb8718b611096918fa0d5,https://shopee.ph/api/v4/product/get_shop_info?shopid=389517614
7455279408,1338091,https://shopee.ph/GoodDayFashionCottonPlainPoloCollarLongSleeveWomensTopShirtBlouseXL3131-i.1338091.7455279408,https://shopee.ph/api/v2/item/get_ratings?filter=0&flag=1&itemid=7455279408&limit=50&offset=0&shopid=1338091&type=0,https://cf.shopee.ph/file/dcaf26e713c4b11f1904f91bbf4017dc,https://shopee.ph/api/v4/product/get_shop_info?shopid=1338091
6533627504,153144594,https://shopee.ph/TiktokInfluencerWomenJacquardShirtLongSleeveSunscreenBlouseOotd-i.153144594.6533627504,https://shopee.ph/api/v2/item/get_ratings?filter=0&flag=1&itemid=6533627504&limit=50&offset=0&shopid=153144594&type=0,https://cf.shopee.ph/file/1d19b26a23422f9288e36b353331851d,https://shopee.ph/api/v4/product/get_shop_info?shopid=153144594
11534175910,378869210,https://shopee.ph/Sweetlapelsweaterstitchinglacetop-i.378869210.11534175910,https://shopee.ph/api/v2/item/get_ratings?filter=0&flag=1&itemid=11534175910&limit=50&offset=0&shopid=378869210&type=0,https://cf.shopee.ph/file/7602cacdffe46f0dd35be9100f90b1b8,https://shopee.ph/api/v4/product/get_shop_info?shopid=378869210
8185115471,324938724,https://shopee.ph/M4XLCottonBlouseLinenButtonSolidcolorWomensCasualLongSleeveTopBlouse-i.324938724.8185115471,https://shopee.ph/api/v2/item/get_ratings?filter=0&flag=1&itemid=8185115471&limit=50&offset=0&shopid=324938724&type=0,https://cf.shopee.ph/file/6581754c6e9da2ff7f840765254a9446,https://shopee.ph/api/v4/product/get_shop_info?shopid=324938724
11534175919,378869210,https://shopee.ph/Plaidshirtallmatchbowknotpuffsleeveshortsleevedtop-i.378869210.11534175919,https://shopee.ph/api/v2/item/get_ratings?filter=0&flag=1&itemid=11534175919&limit=50&offset=0&shopid=378869210&type=0,https://cf.shopee.ph/file/28b179f2256dc9a95c309f0169160b76,https://shopee.ph/api/v4/product/get_shop_info?shopid=378869210
5278263796,41311013,https://shopee.ph/VIENLongsleevesSmockedPuffSleeves-i.41311013.5278263796,https://shopee.ph/api/v2/item/get_ratings?filter=0&flag=1&itemid=5278263796&limit=50&offset=0&shopid=41311013&type=0,https://cf.shopee.ph/file/52bb81579631bc9eb18cd8f1e07996d8,https://shopee.ph/api/v4/product/get_shop_info?shopid=41311013
11109426763,46399675,https://shopee.ph/MALIBUKoreanTrendPuffSleevesTop-i.46399675.11109426763,https://shopee.ph/api/v2/item/get_ratings?filter=0&flag=1&itemid=11109426763&limit=50&offset=0&shopid=46399675&type=0,https://cf.shopee.ph/file/e31a6c5cf59d6359c4cca3cb9e4b5951,https://shopee.ph/api/v4/product/get_shop_info?shopid=46399675
5193290877,41311013,https://shopee.ph/ARGYLEPrintTankTopCropTopBlouse-i.41311013.5193290877,https://shopee.ph/api/v2/item/get_ratings?filter=0&flag=1&itemid=5193290877&limit=50&offset=0&shopid=41311013&type=0,https://cf.shopee.ph/file/9e58dd2451fdf30e73390a4d9fd19425,https://shopee.ph/api/v4/product/get_shop_info?shopid=41311013
9384435585,36754442,https://shopee.ph/KathrynFashionLanternSleeveBlouse11231-i.36754442.9384435585,https://shopee.ph/api/v2/item/get_ratings?filter=0&flag=1&itemid=9384435585&limit=50&offset=0&shopid=36754442&type=0,https://cf.shopee.ph/file/377ab3432aee64627bf0c27f578d5786,https://shopee.ph/api/v4/product/get_shop_info?shopid=36754442
7092493780,41311013,https://shopee.ph/BLYTHEFloralSmockCropTopBlouse-i.41311013.7092493780,https://shopee.ph/api/v2/item/get_ratings?filter=0&flag=1&itemid=7092493780&limit=50&offset=0&shopid=41311013&type=0,https://cf.shopee.ph/file/72fa64666cad8a1fd5dab6c9049a88cb,https://shopee.ph/api/v4/product/get_shop_info?shopid=41311013
9270131882,467411881,https://shopee.ph/Frenchsquarecollarpuffsleevedesignsenselongsleevedfloralshirtfemalespringshortchiffontoptrend-i.467411881.9270131882,https://shopee.ph/api/v2/item/get_ratings?filter=0&flag=1&itemid=9270131882&limit=50&offset=0&shopid=467411881&type=0,https://cf.shopee.ph/file/27ccc26b0fafe532843e9e41cb4af83f,https://shopee.ph/api/v4/product/get_shop_info?shopid=467411881
7489664195,46399675,https://shopee.ph/PENELOPECrisscrossSelfTieCroptop-i.46399675.7489664195,https://shopee.ph/api/v2/item/get_ratings?filter=0&flag=1&itemid=7489664195&limit=50&offset=0&shopid=46399675&type=0,https://cf.shopee.ph/file/ca2d35f5bd2880b9075cbf7877f54b11,https://shopee.ph/api/v4/product/get_shop_info?shopid=46399675
11614731393,41311013,https://shopee.ph/AIVEERibknitCrisscrossCropTopBlouse-i.41311013.11614731393,https://shopee.ph/api/v2/item/get_ratings?filter=0&flag=1&itemid=11614731393&limit=50&offset=0&shopid=41311013&type=0,https://cf.shopee.ph/file/e60f4725095e2ae3244b3f561fd918d9,https://shopee.ph/api/v4/product/get_shop_info?shopid=41311013
10701145606,41311013,https://shopee.ph/MAUIPuffOffshoulderCrepeCropTopBlouse-i.41311013.10701145606,https://shopee.ph/api/v2/item/get_ratings?filter=0&flag=1&itemid=10701145606&limit=50&offset=0&shopid=41311013&type=0,https://cf.shopee.ph/file/c795124673675adae374ca126f309899,https://shopee.ph/api/v4/product/get_shop_info?shopid=41311013
3011363392,41311013,https://shopee.ph/CANDICETwoSideGarterCropTop-i.41311013.3011363392,https://shopee.ph/api/v2/item/get_ratings?filter=0&flag=1&itemid=3011363392&limit=50&offset=0&shopid=41311013&type=0,https://cf.shopee.ph/file/ed9ebd3d977d4f9bce9fd5a2f2c9f067,https://shopee.ph/api/v4/product/get_shop_info?shopid=41311013
4894027390,467989456,https://shopee.ph/TripleAcroptopwomentop2021summerdesignasymmetricalcroptopGirlsStudentsShortSleeveTshirt-i.467989456.4894027390,https://shopee.ph/api/v2/item/get_ratings?filter=0&flag=1&itemid=4894027390&limit=50&offset=0&shopid=467989456&type=0,https://cf.shopee.ph/file/aec0f22af5d6ee58b47dec6b8dd25910,https://shopee.ph/api/v4/product/get_shop_info?shopid=467989456
11616506838,360379308,https://shopee.ph/CasualFloralRoundNeckWaistShortSleeveChiffonTopDesignFaketwopiecesCuteTops-i.360379308.11616506838,https://shopee.ph/api/v2/item/get_ratings?filter=0&flag=1&itemid=11616506838&limit=50&offset=0&shopid=360379308&type=0,https://cf.shopee.ph/file/7faef7e95f7eacd087f488003aa9da2a,https://shopee.ph/api/v4/product/get_shop_info?shopid=360379308
9432105354,46399675,https://shopee.ph/GAPPatchworkStylishTopHOT-i.46399675.9432105354,https://shopee.ph/api/v2/item/get_ratings?filter=0&flag=1&itemid=9432105354&limit=50&offset=0&shopid=46399675&type=0,https://cf.shopee.ph/file/fbbcbf7e5f3ec2d0cbdd934a62459872,https://shopee.ph/api/v4/product/get_shop_info?shopid=46399675
6975098238,46399675,https://shopee.ph/CARTIERKoreanCinchedKnittedTop-i.46399675.6975098238,https://shopee.ph/api/v2/item/get_ratings?filter=0&flag=1&itemid=6975098238&limit=50&offset=0&shopid=46399675&type=0,https://cf.shopee.ph/file/e834863c9985e96725528293ffff1d2d,https://shopee.ph/api/v4/product/get_shop_info?shopid=46399675
11132983728,41311013,https://shopee.ph/ELISSEPuffSleevesBacklessCropTopBlouse-i.41311013.11132983728,https://shopee.ph/api/v2/item/get_ratings?filter=0&flag=1&itemid=11132983728&limit=50&offset=0&shopid=41311013&type=0,https://cf.shopee.ph/file/688cec3ab2417422202a5dc0140f42c9,https://shopee.ph/api/v4/product/get_shop_info?shopid=41311013
9369599586,41311013,https://shopee.ph/SUCHCUTERaglanTwoToneCropTop-i.41311013.9369599586,https://shopee.ph/api/v2/item/get_ratings?filter=0&flag=1&itemid=9369599586&limit=50&offset=0&shopid=41311013&type=0,https://cf.shopee.ph/file/d098f15f11e2a5e2c195aa9c0af00613,https://shopee.ph/api/v4/product/get_shop_info?shopid=41311013
8880989060,360379308,https://shopee.ph/ChiffonSensedesignFlowerKoreanstyleWaistVersatileTopCuteSweetTops-i.360379308.8880989060,https://shopee.ph/api/v2/item/get_ratings?filter=0&flag=1&itemid=8880989060&limit=50&offset=0&shopid=360379308&type=0,https://cf.shopee.ph/file/ed334e1c92158746bf8d2534099b5b77,https://shopee.ph/api/v4/product/get_shop_info?shopid=360379308
10401689418,36934404,https://shopee.ph/MELODYPuffSleeveTwoSideStringRuchedTop11190-i.36934404.10401689418,https://shopee.ph/api/v2/item/get_ratings?filter=0&flag=1&itemid=10401689418&limit=50&offset=0&shopid=36934404&type=0,https://cf.shopee.ph/file/e967152c03f9708c8055b980d191f056,https://shopee.ph/api/v4/product/get_shop_info?shopid=36934404
9566904262,46399675,https://shopee.ph/AMARAHRuchedFrontRuffledTop-i.46399675.9566904262,https://shopee.ph/api/v2/item/get_ratings?filter=0&flag=1&itemid=9566904262&limit=50&offset=0&shopid=46399675&type=0,https://cf.shopee.ph/file/02aab721f14a6d25858391bdbf5c1437,https://shopee.ph/api/v4/product/get_shop_info?shopid=46399675
4892259682,273094218,https://shopee.ph/KoreansummernewbutterflyembroideryshirtshortsleevedOnecklacematchingknittedcroptop-i.273094218.4892259682,https://shopee.ph/api/v2/item/get_ratings?filter=0&flag=1&itemid=4892259682&limit=50&offset=0&shopid=273094218&type=0,https://cf.shopee.ph/file/0fb4ce279b42adba923e3f1acc469fbe,https://shopee.ph/api/v4/product/get_shop_info?shopid=273094218
5163749030,126018720,https://shopee.ph/ReadyStockKoreanTopsChicGentleLaceVneckblouseThreedimensionalFlowerSunscreenLadiesCroptop-i.126018720.5163749030,https://shopee.ph/api/v2/item/get_ratings?filter=0&flag=1&itemid=5163749030&limit=50&offset=0&shopid=126018720&type=0,https://cf.shopee.ph/file/8ed4aa3e40077d30e915ffc4a4470c8d,https://shopee.ph/api/v4/product/get_shop_info?shopid=126018720
5591945326,467411881,https://shopee.ph/WomensKoreanBlouseBackBowTieSolidSquareCollarSexySweetLongSleeveCropTops-i.467411881.5591945326,https://shopee.ph/api/v2/item/get_ratings?filter=0&flag=1&itemid=5591945326&limit=50&offset=0&shopid=467411881&type=0,https://cf.shopee.ph/file/c1126ef2c5f9642947ac3dc7922dcc0e,https://shopee.ph/api/v4/product/get_shop_info?shopid=467411881
8411643222,41311013,https://shopee.ph/ZARAInspiredAdjustableCropTop-i.41311013.8411643222,https://shopee.ph/api/v2/item/get_ratings?filter=0&flag=1&itemid=8411643222&limit=50&offset=0&shopid=41311013&type=0,https://cf.shopee.ph/file/96a4272d3a070882bde7ddaefaf7e898,https://shopee.ph/api/v4/product/get_shop_info?shopid=41311013
5949241830,36754442,https://shopee.ph/KathrynKoreanVneckLettuceTops11239-i.36754442.5949241830,https://shopee.ph/api/v2/item/get_ratings?filter=0&flag=1&itemid=5949241830&limit=50&offset=0&shopid=36754442&type=0,https://cf.shopee.ph/file/e37707046a6806917ad6d5af212dcd94,https://shopee.ph/api/v4/product/get_shop_info?shopid=36754442
9982813551,36934404,https://shopee.ph/MelodyKoreanLongSleeveButtonFrontLettuceCropTopLettuceBlouse11230-i.36934404.9982813551,https://shopee.ph/api/v2/item/get_ratings?filter=0&flag=1&itemid=9982813551&limit=50&offset=0&shopid=36934404&type=0,https://cf.shopee.ph/file/77c579662e21d4dd296c105b793d18aa,https://shopee.ph/api/v4/product/get_shop_info?shopid=36934404
